Workbook

Sheet Instruções
A1: Trabalho | B1: Modelagem de Ameaças: STRIDE + DREAD
A2: Cenário
A3: Grupo
A4: Integrantes (nome e RM)
A6: Como preencher | B6: Abas: DFD -> STRIDE -> DREAD -> Top 5 -> Controles. Células em creme são suas.
A7: DFD | B7: Liste atores, processos, armazenamentos, fluxos e fronteiras de confiança (tipo: Ator, Processo, Armazenamento, Fluxo, Fronteira de confiança).
A8: STRIDE | B8: Mínimo 12 ameaças e as 6 categorias. Escreva quem, como e o impacto, e cite a evidência (arquivo).
A9: DREAD | B9: Pontue no mínimo 8 ameaças (1 a 10 em cada critério). Cada nota exige uma justificativa de uma linha.
A10: Escala | B10: Média: Baixo (< 4), Médio (4 a 6,9), Alto (>= 7). A média e o nível são calculados.
A11: Top 5 | B11: Digite o ID da ameaça; o texto e a média aparecem sozinhos. Escreva a mitigação concreta e como verificá-la.
A12: Controles | B12: Registre o que o sistema já faz bem (com a evidência).

Sheet DFD
A1: ID | B1: Elemento | C1: Tipo | D1: Fronteira / zona | E1: Descrição

Sheet STRIDE
A1: ID | B1: Categoria | C1: Elemento (ID do DFD) | D1: Ameaça (quem / como / impacto) | E1: Evidência (arquivo) | F1: Mitigação
A2: A01
A3: A02
A4: A03
A5: A04
A6: A05
A7: A06
A8: A07
A9: A08
A10: A09
A11: A10
A12: A11
A13: A12
... A21: A20

Sheet DREAD
A1: ID da ameaça | B1: D (Damage) | C1: R (Reproducib.) | D1: E (Exploitab.) | E1: A (Affected) | F1: D (Discover.) | G1: Média | H1: Nível | I1: Justif. D | J1: Justif. R | K1: Justif. E | L1: Justif. A | M1: Justif. D (Disc.)
G2: =IF(COUNT(B2:F2)=5,ROUND(AVERAGE(B2:F2),1),"") | H2: =IF(G2="","",IF(G2>=7,"Alto",IF(G2>=4,"Médio","Baixo")))
G3: =IF(COUNT(B3:F3)=5,ROUND(AVERAGE(B3:F3),1),"") | H3: =IF(G3="","",IF(G3>=7,"Alto",IF(G3>=4,"Médio","Baixo")))
G4: =IF(COUNT(B4:F4)=5,ROUND(AVERAGE(B4:F4),1),"") | H4: =IF(G4="","",IF(G4>=7,"Alto",IF(G4>=4,"Médio","Baixo")))
G5: =IF(COUNT(B5:F5)=5,ROUND(AVERAGE(B5:F5),1),"") | H5: =IF(G5="","",IF(G5>=7,"Alto",IF(G5>=4,"Médio","Baixo")))
G6: =IF(COUNT(B6:F6)=5,ROUND(AVERAGE(B6:F6),1),"") | H6: =IF(G6="","",IF(G6>=7,"Alto",IF(G6>=4,"Médio","Baixo")))
G7: =IF(COUNT(B7:F7)=5,ROUND(AVERAGE(B7:F7),1),"") | H7: =IF(G7="","",IF(G7>=7,"Alto",IF(G7>=4,"Médio","Baixo")))
G8: =IF(COUNT(B8:F8)=5,ROUND(AVERAGE(B8:F8),1),"") | H8: =IF(G8="","",IF(G8>=7,"Alto",IF(G8>=4,"Médio","Baixo")))
G9: =IF(COUNT(B9:F9)=5,ROUND(AVERAGE(B9:F9),1),"") | H9: =IF(G9="","",IF(G9>=7,"Alto",IF(G9>=4,"Médio","Baixo")))
G10: =IF(COUNT(B10:F10)=5,ROUND(AVERAGE(B10:F10),1),"") | H10: =IF(G10="","",IF(G10>=7,"Alto",IF(G10>=4,"Médio","Baixo")))
G11: =IF(COUNT(B11:F11)=5,ROUND(AVERAGE(B11:F11),1),"") | H11: =IF(G11="","",IF(G11>=7,"Alto",IF(G11>=4,"Médio","Baixo")))
G12: =IF(COUNT(B12:F12)=5,ROUND(AVERAGE(B12:F12),1),"") | H12: =IF(G12="","",IF(G12>=7,"Alto",IF(G12>=4,"Médio","Baixo")))
G13: =IF(COUNT(B13:F13)=5,ROUND(AVERAGE(B13:F13),1),"") | H13: =IF(G13="","",IF(G13>=7,"Alto",IF(G13>=4,"Médio","Baixo")))

Sheet Top 5
A1: Pos. | B1: ID da ameaça | C1: Ameaça (automático) | D1: Média (automático) | E1: Mitigação concreta | F1: Como verificar
A2: 1 | C2: =IFERROR(INDEX(STRIDE!D:D,MATCH(B2,STRIDE!A:A,0)),"") | D2: =IFERROR(INDEX(DREAD!G:G,MATCH(B2,DREAD!A:A,0)),"")
A3: 2 | C3: =IFERROR(INDEX(STRIDE!D:D,MATCH(B3,STRIDE!A:A,0)),"") | D3: =IFERROR(INDEX(DREAD!G:G,MATCH(B3,DREAD!A:A,0)),"")
A4: 3 | C4: =IFERROR(INDEX(STRIDE!D:D,MATCH(B4,STRIDE!A:A,0)),"") | D4: =IFERROR(INDEX(DREAD!G:G,MATCH(B4,DREAD!A:A,0)),"")
A5: 4 | C5: =IFERROR(INDEX(STRIDE!D:D,MATCH(B5,STRIDE!A:A,0)),"") | D5: =IFERROR(INDEX(DREAD!G:G,MATCH(B5,DREAD!A:A,0)),"")
A6: 5 | C6: =IFERROR(INDEX(STRIDE!D:D,MATCH(B6,STRIDE!A:A,0)),"") | D6: =IFERROR(INDEX(DREAD!G:G,MATCH(B6,DREAD!A:A,0)),"")

Sheet Controles
A1: Evidência (arquivo) | B1: O que está bem implementado
